<meta>
    <info gamemodes="race" type="map" name="[DM]Kane V12 - Dusk Till Down" author="Kane" version="1.0"></info>
    <map src="DMKaneV12.map" dimension="0"></map>
    <settings>
        <setting name="#skins" value='[ &quot;cj&quot; ]'></setting>
        <setting name="#maxplayers" value="[ 128 ]"></setting>
        <setting name="#useLODs" value="[ false ]"></setting>
        <setting name="#gamespeed" value="[ 1 ]"></setting>
        <setting name="#ghostmode" value='[ &quot;true&quot; ]'></setting>
        <setting name="#time" value="5:5"></setting>
        <setting name="#vehicleweapons" value='[ &quot;true&quot; ]'></setting>
        <setting name="#minplayers" value="[ 0 ]"></setting>
        <setting name="#weather" value="[ 1 ]"></setting>
        <setting name="#gravity" value="[ 0.0080000004 ]"></setting>
        <setting name="#waveheight" value="[ 0 ]"></setting>
        <setting name="#respawntime" value="[ 0 ]"></setting>
        <setting name="#locked_time" value="[ true ]"></setting>
        <setting name="#duration" value="[ 1800 ]"></setting>
        <setting name="#respawn" value='[ &quot;none&quot; ]'></setting>
    </settings>

	 <script src="palm.lua" type="client" />
	<script src="palmclient.lua" type="client" />
    <file src="gta_tree_palm.txd"></file>
    <file src="veg_palm03.dff"></file>
	<file src="gta_tree_palm2.txd"></file>
	<file src="gta_tree_palm.txd"></file>
	<file src="veg_palm02.dff"></file>
	<file src="veg_palm03.dff"></file>
		<script src="c_water.lua" type="client" />
	<file src="water.fx" type="client" />
	    <file src="music.mp3"></file>
    <script src="music.lua" type="client"></script>
</meta>
